IL_t,IL_t_minus_1,log_Pt,P_imp_t_minus_1,Delta_log_P_t_to_t_plus_1,Delta_IL_hat_t_plus_1,importance_IL_t,importance_IL_t_minus_1,importance_P_imp_t_minus_1,importance_log_Pt,importance_Delta_log_P_t_to_t_plus_1,shap_shock_contribution,shap_state_contribution,shap_shock_share,shap_state_share,pool_name,pool_id,amm,pool_address,date,state_label
-0.0036601360659969,-0.0040888549876931,-7.705340631670114,0.000454847181291,0.0192257579053931,-0.15830837190151215,0.05074947298710149,0.059029918986770964,0.013924640402678518,0.04868411048755824,0.21354691334012182,0.21354691334012182,0.17238814286410922,0.5533234411001937,0.4466765588998062,USDC-WETH,USDC_WETH,Uniswap_V2,0xb4e16d0168e52d35cacd2c6185b44281ec28c9dc,2023-12-18,Baseline State
-0.0045241376024856,-0.0036601360659969,-7.686114873764721,0.0004504152460587,-0.0080262118495948,0.1089952141046524,0.02032231009753839,0.024818126138260666,0.03055306232126799,0.021351741269711358,0.10769168110485869,0.10769168110485869,0.0970452398267784,0.5260002964527224,0.4739997035472776,USDC-WETH,USDC_WETH,Uniswap_V2,0xb4e16d0168e52d35cacd2c6185b44281ec28c9dc,2023-12-19,Liquidity Stress State
-0.0041524346527751,-0.0045241376024856,-7.694141085614316,0.0004591586000243,-0.0187381735508349,0.18914984166622162,0.0046609083495740364,0.0029727798994738652,0.028745193771876114,0.017626463766969053,0.22914172730019297,0.22914172730019297,0.054005345787893067,0.8092675117602497,0.1907324882397502,USDC-WETH,USDC_WETH,Uniswap_V2,0xb4e16d0168e52d35cacd2c6185b44281ec28c9dc,2023-12-20,Liquidity Stress State
-0.0033460915897514,-0.0041524346527751,-7.712879259165151,0.0004554880458554,-0.0381167297889977,0.3695530593395233,0.04952311442226153,0.038056311305974276,0.033617823294785396,0.0005551123141164238,0.48212729569345414,0.48212729569345414,0.12175236133713763,0.798383071991826,0.201616928008174,USDC-WETH,USDC_WETH,Uniswap_V2,0xb4e16d0168e52d35cacd2c6185b44281ec28c9dc,2023-12-21,Baseline State
-0.0019725487900152,-0.0033460915897514,-7.750995988954148,0.0004470324999523,0.0055035154595026,-0.08705171197652817,0.011077422508559517,0.01690945081916238,0.03271341693230522,0.04506291599129981,0.04533015273561903,0.04533015273561903,0.10576320625132693,0.300014196782371,0.699985803217629,USDC-WETH,USDC_WETH,Uniswap_V2,0xb4e16d0168e52d35cacd2c6185b44281ec28c9dc,2023-12-22,Liquidity Stress State
-0.002148708446497,-0.0019725487900152,-7.745492473494646,0.0004303137393392,0.0197904025560351,-0.13396942615509033,0.035712757989331594,0.04505495938949664,0.002174373969541704,0.0350864796662264,0.18554419025312444,0.18554419025312444,0.11802857101459634,0.6112017082108795,0.38879829178912056,USDC-WETH,USDC_WETH,Uniswap_V2,0xb4e16d0168e52d35cacd2c6185b44281ec28c9dc,2023-12-23,Baseline State
-0.0028440220704746,-0.002148708446497,-7.725702070938611,0.0004326885064458,-0.0053780212093075,0.019329162314534187,0.009539667797587241,0.01633427278421075,0.043500592684217285,0.03595903044224828,0.06484694450422779,0.06484694450422779,0.10533356370826356,0.381048012991349,0.618951987008651,USDC-WETH,USDC_WETH,Uniswap_V2,0xb4e16d0168e52d35cacd2c6185b44281ec28c9dc,2023-12-24,Baseline State
-0.0026455052110737,-0.0028440220704746,-7.731080092147918,0.0004413368813131,0.0220138547586472,-0.17481783032417297,0.048819773663316,0.05970291619707183,0.009992849736523646,0.046351816433608875,0.23506375436940227,0.23506375436940227,0.16486735603052036,0.5877606124073306,0.41223938759266937,USDC-WETH,USDC_WETH,Uniswap_V2,0xb4e16d0168e52d35cacd2c6185b44281ec28c9dc,2023-12-25,Baseline State
-0.0035031898566485,-0.0026455052110737,-7.709066237389271,0.0004389697331967,-0.064976209476943,0.4930020570755005,0.06447763861734229,0.06298685824224476,0.07515386505580188,0.020550994378732923,0.6670015242571825,0.6670015242571825,0.22316935629412185,0.7492960495900431,0.25070395040995685,USDC-WETH,USDC_WETH,Uniswap_V2,0xb4e16d0168e52d35cacd2c6185b44281ec28c9dc,2023-12-26,High IL State
-0.0013163736892499,-0.0035031898566485,-7.774042446866214,0.0004487402984765,0.011458941604455,-0.14049318432807922,0.007188186028198568,0.013843525278190357,0.022240810367051982,0.03490671550845698,0.11244527011393317,0.11244527011393317,0.0781792371818979,0.5898783514725565,0.41012164852744337,USDC-WETH,USDC_WETH,Uniswap_V2,0xb4e16d0168e52d35cacd2c6185b44281ec28c9dc,2023-12-27,Liquidity Stress State
-0.0016261682912421,-0.0013163736892499,-7.762583505261759,0.0004205099372409,0.0249672634334601,-0.12849295139312744,0.05316758457076867,0.06278041930933143,0.012649446336864573,0.022124841343520264,0.24303346062154582,0.24303346062154582,0.15072229156048494,0.6172188197245511,0.38278118027544905,USDC-WETH,USDC_WETH,Uniswap_V2,0xb4e16d0168e52d35cacd2c6185b44281ec28c9dc,2023-12-28,Baseline State
-0.0024138451859873,-0.0016261682912421,-7.737616241828299,0.0004253562498328,-0.0007949996096927,0.03989800810813904,0.017393169965342032,0.024417451456371513,0.02891360802484218,0.03097682131450536,0.04990991567079906,0.04990991567079906,0.10170105076106109,0.32919726617025763,0.6708027338297424,USDC-WETH,USDC_WETH,Uniswap_V2,0xb4e16d0168e52d35cacd2c6185b44281ec28c9dc,2023-12-29,Baseline State
-0.0023863876257392,-0.0024138451859873,-7.738411241437991,0.0004361099175881,0.0083455307337274,-0.12765257060527802,0.00320704609661962,0.008554000884351685,0.02187194487863034,0.03827264882717798,0.08733692423541498,0.08733692423541498,0.07190564068677963,0.5484521319917669,0.45154786800823316,USDC-WETH,USDC_WETH,Uniswap_V2,0xb4e16d0168e52d35cacd2c6185b44281ec28c9dc,2023-12-30,Baseline State
-0.0026824028994708,-0.0023863876257392,-7.730065710704264,0.0004357633481534,-0.030332704605394,0.20010435581207275,0.04968028855858958,0.0469093203559085,0.061396471874955866,0.02320832464392167,0.3732308608904744,0.3732308608904744,0.18119440543337562,0.6731851586873088,0.32681484131269123,USDC-WETH,USDC_WETH,Uniswap_V2,0xb4e16d0168e52d35cacd2c6185b44281ec28c9dc,2023-12-31,Baseline State
-0.0016889406295863,-0.0026824028994708,-7.760398415309658,0.0004394152418681,-0.0057582111347631,0.03492867946624756,0.01309623044168837,0.018204165715378372,0.03785901300503149,0.03662825617095487,0.0700476521301932,0.0700476521301932,0.1057876653330531,0.39837077750227734,0.6016292224977225,USDC-WETH,USDC_WETH,Uniswap_V2,0xb4e16d0168e52d35cacd2c6185b44281ec28c9dc,2024-01-01,Baseline State
-0.0015260723236582,-0.0016889406295863,-7.766156626444421,0.0004262867076972,0.0681758815975737,-0.3892400562763214,0.16047860591317484,0.17065261753826844,0.06499252465255581,0.003161186686774231,0.7902705180485202,0.7902705180485202,0.3992849347907733,0.6643410495595317,0.33565895044046834,USDC-WETH,USDC_WETH,Uniswap_V2,0xb4e16d0168e52d35cacd2c6185b44281ec28c9dc,2024-01-02,Liquidity Stress State
-0.0039801913379725,-0.0015260723236582,-7.697980744846848,0.0004238391124783,-0.0306074101653957,0.2141631692647934,0.03899633123333374,0.05021574782471739,0.06993574107267717,0.012960335374962856,0.3782034244155106,0.3782034244155106,0.17210815550569117,0.6872532547282849,0.3127467452717151,USDC-WETH,USDC_WETH,Uniswap_V2,0xb4e16d0168e52d35cacd2c6185b44281ec28c9dc,2024-01-03,Liquidity Stress State
-0.0027366024328261,-0.0039801913379725,-7.728588155012243,0.0004537424803078,0.0020658177703909,0.021520717069506645,0.024928662368939397,0.034762183825178816,0.02462102825913555,0.029701936043111055,0.00808493482266106,0.00808493482266106,0.11401381049636482,0.06621636284252001,0.93378363715748,USDC-WETH,USDC_WETH,Uniswap_V2,0xb4e16d0168e52d35cacd2c6185b44281ec28c9dc,2024-01-04,Baseline State
-0.0028132830137307,-0.0027366024328261,-7.726522337241852,0.0004400649822555,0.0131727671590873,-0.2254343181848526,0.0027613099711320532,0.00961566880814527,0.03309695976737772,0.060528439796640986,0.15225379775508519,0.15225379775508519,0.10600237834329604,0.5895456211551934,0.4104543788448065,USDC-WETH,USDC_WETH,Uniswap_V2,0xb4e16d0168e52d35cacd2c6185b44281ec28c9dc,2024-01-05,Baseline State
-0.0033269621208795,-0.0028132830137307,-7.713349570082765,0.0004409750159742,0.0101350078534574,-0.14383761584758759,0.013934871040106211,0.018329717295672173,0.025133621735380956,0.04939456792746117,0.10964191487549785,0.10964191487549785,0.10679277799862053,0.5065819782379677,0.49341802176203237,USDC-WETH,USDC_WETH,Uniswap_V2,0xb4e16d0168e52d35cacd2c6185b44281ec28c9dc,2024-01-06,Baseline State
-0.0037512266052498,-0.0033269621208795,-7.703214562229308,0.0004468223051194,-0.0513882864468255,0.5041322708129883,0.01790981976334262,0.015404420112822392,0.0367245468248268,0.02385021501716017,0.5422529421418459,0.5422529421418459,0.09388900171815198,0.8524087232034254,0.14759127679657463,USDC-WETH,USDC_WETH,Uniswap_V2,0xb4e16d0168e52d35cacd2c6185b44281ec28c9dc,2024-01-07,High IL + Liquidity Stress
-0.0018611650211527,-0.0037512266052498,-7.754602848676133,0.0004513738788478,-0.0031100363529859,0.05934970825910568,0.02452734767507157,0.030444627503772775,0.028267669352436693,0.03153254330774574,0.056110045385469785,0.056110045385469785,0.11477218783902679,0.3283550567352148,0.6716449432647852,USDC-WETH,USDC_WETH,Uniswap_V2,0xb4e16d0168e52d35cacd2c6185b44281ec28c9dc,2024-01-08,Baseline State
-0.001767710610682,-0.0018611650211527,-7.757712885029119,0.0004287644537525,-0.0992505259186025,0.47081270813941956,0.08736334667760876,0.0830816641573444,0.10322698171661195,0.02542726839658127,0.761844068732592,0.761844068732592,0.2990992609481464,0.718081774416592,0.28191822558340796,USDC-WETH,USDC_WETH,Uniswap_V2,0xb4e16d0168e52d35cacd2c6185b44281ec28c9dc,2024-01-09,Baseline State
-4.878535797414596e-05,-0.001767710610682,-7.8569634109477215,0.0004274330521413,-0.0134836409991461,0.07067696005105972,0.00423772620005862,0.00793189762070396,0.0328225008596423,0.05468418105295662,0.13794611778792207,0.13794611778792207,0.0996763057333615,0.5805265165792166,0.41947348342078333,USDC-WETH,USDC_WETH,Uniswap_V2,0xb4e16d0168e52d35cacd2c6185b44281ec28c9dc,2024-01-10,Liquidity Stress State
-4.917758835820685e-06,-4.878535797414596e-05,-7.870447051946868,0.0003870473925945,0.037941488117525,-0.06584625691175461,0.05428102951984265,0.06251093227639365,0.065189405229427,0.04080806274528906,0.29670358703768096,0.29670358703768096,0.22278942977095237,0.5711406649128803,0.42885933508711965,USDC-WETH,USDC_WETH,Uniswap_V2,0xb4e16d0168e52d35cacd2c6185b44281ec28c9dc,2024-01-11,Baseline State
-0.0002443080604198,-4.917758835820685e-06,-7.832505563829343,0.0003818636111647,-0.0226978845567096,0.03897460922598839,0.020886431200858525,0.007946998947311663,0.08709393394277573,0.05341045130154762,0.20024452426350794,0.20024452426350794,0.16933781539249354,0.5418130218286156,0.4581869781713844,USDC-WETH,USDC_WETH,Uniswap_V2,0xb4e16d0168e52d35cacd2c6185b44281ec28c9dc,2024-01-12,Baseline State
-5.786418069919641e-05,-0.0002443080604198,-7.855203448386052,0.0003966304513433,0.0409072211334589,-0.1456991285085678,0.06568413114097439,0.07352361442864243,0.058855658338219326,0.02943964028646448,0.3812700730578424,0.3812700730578424,0.22750304419430062,0.626292558348839,0.373707441651161,USDC-WETH,USDC_WETH,Uniswap_V2,0xb4e16d0168e52d35cacd2c6185b44281ec28c9dc,2024-01-13,Liquidity Stress State
-0.0004868837863319,-5.786418069919641e-05,-7.814296227252593,0.0003877291813003,-0.0154809562900215,0.06778096407651901,0.0007752040188104894,0.004238820119247254,0.05740991857966528,0.03948804919029203,0.15314741539106558,0.15314741539106558,0.10191199190801506,0.6004382156016154,0.3995617843983848,USDC-WETH,USDC_WETH,Uniswap_V2,0xb4e16d0168e52d35cacd2c6185b44281ec28c9dc,2024-01-14,Liquidity Stress State
-0.0002753831387661,-0.0004868837863319,-7.829777183542615,0.0004039189870349,-0.0309225023053487,0.10454511642456055,0.04296234685398274,0.03790092151801086,0.07615616273615718,0.053746010816583,0.3072426579943203,0.3072426579943203,0.21076544192473376,0.5931232697757646,0.40687673022423543,USDC-WETH,USDC_WETH,Uniswap_V2,0xb4e16d0168e52d35cacd2c6185b44281ec28c9dc,2024-01-15,Baseline State
-3.207800993665355e-05,-0.0002753831387661,-7.860699685847964,0.0003977140876616,0.0279957721126935,-0.13494160771369934,0.029193127343127942,0.03456117237376267,0.02655810137866985,0.006866090451059126,0.2401879996152929,0.2401879996152929,0.09717849154661959,0.7119497813433383,0.2880502186566616,USDC-WETH,USDC_WETH,Uniswap_V2,0xb4e16d0168e52d35cacd2c6185b44281ec28c9dc,2024-01-16,Baseline State
-0.0002421214128123,-3.207800993665355e-05,-7.83270391373527,0.0003856039753173,0.0216717197010201,-0.06614241003990173,0.02432364999189636,0.032123195221764975,0.02952700988742529,0.004733306718280497,0.16491747221424283,0.16491747221424283,0.09070716181936712,0.6451548491705975,0.35484515082940243,USDC-WETH,USDC_WETH,Uniswap_V2,0xb4e16d0168e52d35cacd2c6185b44281ec28c9dc,2024-01-17,Baseline State
-0.0005391086638067,-0.0002421214128123,-7.81103219403425,0.0003965517875323,-0.0083660538674532,0.05186622962355614,0.013263407218732266,0.01814227175789612,0.03830835503641573,0.027931422139242424,0.07863242746761193,0.07863242746761193,0.09764545615228652,0.44607086182838546,0.5539291381716146,USDC-WETH,USDC_WETH,Uniswap_V2,0xb4e16d0168e52d35cacd2c6185b44281ec28c9dc,2024-01-18,Baseline State
-0.0004105736498939,-0.0005391086638067,-7.819398247901703,0.0004052395460279,0.0091348989976971,-0.07778532058000565,0.00010216877579369288,0.0036678571627460238,0.0022914911009264834,0.013716633866562217,0.07361512190603064,0.07361512190603064,0.019778150906028417,0.7882272425999121,0.211772757400088,USDC-WETH,USDC_WETH,Uniswap_V2,0xb4e16d0168e52d35cacd2c6185b44281ec28c9dc,2024-01-19,Baseline State
-0.0005517968317378,-0.0004105736498939,-7.810263348904006,0.000401863432223,0.0045325134368834,-0.021771814674139023,0.010475865087066862,0.015488721756807808,0.01518805984889576,0.025055552202392074,0.015560689821699834,0.015560689821699834,0.0662081988951625,0.19030085972650523,0.8096991402734948,USDC-WETH,USDC_WETH,Uniswap_V2,0xb4e16d0168e52d35cacd2c6185b44281ec28c9dc,2024-01-20,Baseline State
-0.0006295913709685,-0.0005517968317378,-7.805730835467123,0.0004055512322833,0.061587800810761,-0.3319704234600067,0.1264469641962631,0.13380399858331568,0.08560343260652586,0.020472701379932345,0.7063654205810177,0.7063654205810177,0.36632709676603703,0.658497574242408,0.341502425757592,USDC-WETH,USDC_WETH,Uniswap_V2,0xb4e16d0168e52d35cacd2c6185b44281ec28c9dc,2024-01-21,Baseline State
-0.0021930458788476,-0.0006295913709685,-7.744143034656362,0.0004073935707509,0.0306631981649694,-0.22856976091861725,0.054352959127509974,0.06510334016071431,0.00919291031503619,0.03960283602482001,0.3256840348520317,0.3256840348520317,0.1682520456280805,0.6593647391287202,0.3406352608712799,USDC-WETH,USDC_WETH,Uniswap_V2,0xb4e16d0168e52d35cacd2c6185b44281ec28c9dc,2024-01-22,Baseline State
-0.0033216732703016,-0.0021930458788476,-7.713479836491392,0.0004332727872582,0.0035654944115988,-0.06043479964137077,0.01352255192302984,0.02050496792352709,0.03046899893247975,0.046671538491954025,0.02538968241846791,0.02538968241846791,0.11116805727099069,0.18592635229761226,0.8140736477023877,USDC-WETH,USDC_WETH,Uniswap_V2,0xb4e16d0168e52d35cacd2c6185b44281ec28c9dc,2024-01-23,Baseline State
-0.0034679386119409,-0.0033216732703016,-7.709914342079793,0.0004467641029734,0.0050487251541317,-0.06986889988183975,0.02200536405043868,0.028496803577819495,0.03369257560813276,0.050055976259973226,0.044690415996965924,0.044690415996965924,0.13425071949636416,0.24974925901614017,0.7502507409838599,USDC-WETH,USDC_WETH,Uniswap_V2,0xb4e16d0168e52d35cacd2c6185b44281ec28c9dc,2024-01-24,Baseline State
-0.0036803916401207,-0.0034679386119409,-7.704865616925661,0.0004483598810642,-0.0219598990996345,0.19727252423763275,0.00985742905688133,0.0037866676419586465,0.04687894637326297,0.02415139364853972,0.2663057253193841,0.2663057253193841,0.08467443672064266,0.7587486534039888,0.24125134659601116,USDC-WETH,USDC_WETH,Uniswap_V2,0xb4e16d0168e52d35cacd2c6185b44281ec28c9dc,2024-01-25,Baseline State
-0.0028019635225143,-0.0036803916401207,-7.726825516025296,0.0004506292507654,-0.0009621002077162,0.057080868631601334,0.025940221050841008,0.033058363596905824,0.02685113897074482,0.027765757954495526,0.04463128055412086,0.04463128055412086,0.11361548157298719,0.282035979467762,0.717964020532238,USDC-WETH,USDC_WETH,Uniswap_V2,0xb4e16d0168e52d35cacd2c6185b44281ec28c9dc,2024-01-26,Baseline State
-0.002766192570447,-0.0028019635225143,-7.727787616233012,0.0004408413419699,0.0083282011733247,-0.11564303189516068,0.01081465839799442,0.015508918117233646,0.022010591436099694,0.0375269652159038,0.09049695211335924,0.09049695211335924,0.08586113316723157,0.5131431993570126,0.48685680064298736,USDC-WETH,USDC_WETH,Uniswap_V2,0xb4e16d0168e52d35cacd2c6185b44281ec28c9dc,2024-01-27,Baseline State
-0.0030833938208076,-0.002766192570447,-7.719459415059688,0.0004404174123873,-0.0287683888381105,0.21394775807857513,0.03928760770168926,0.037143268593790614,0.05558924888579822,0.0187459701697128,0.35664595307459207,0.35664595307459207,0.1507660953509909,0.7028724567759209,0.297127543224079,USDC-WETH,USDC_WETH,Uniswap_V2,0xb4e16d0168e52d35cacd2c6185b44281ec28c9dc,2024-01-28,Baseline State
-0.0020602176707281,-0.0030833938208076,-7.748227803897798,0.0004441006131277,-0.0105515956602735,0.045926421880722046,0.0015490576200442308,0.006729743079468844,0.04526743540464319,0.04183784107510067,0.11978311254606731,0.11978311254606731,0.09538407717925693,0.5566978529532255,0.44330214704677456,USDC-WETH,USDC_WETH,Uniswap_V2,0xb4e16d0168e52d35cacd2c6185b44281ec28c9dc,2024-01-29,Baseline State
-0.0017362144240946,-0.0020602176707281,-7.758779399558072,0.0004315065776389,0.027965392720084,-0.2505601942539215,0.048260003958256005,0.055086382007634556,0.009511659963841207,0.046015364163876735,0.30644745644706806,0.30644745644706806,0.1588734100936085,0.6585723497106047,0.3414276502893953,USDC-WETH,USDC_WETH,Uniswap_V2,0xb4e16d0168e52d35cacd2c6185b44281ec28c9dc,2024-01-30,Baseline State
-0.0026551593909566,-0.0017362144240946,-7.730814006837988,0.0004269774315872,-0.0086061157929675,0.03733208030462265,0.0019918845770815,0.00865692534677461,0.04469719042827804,0.03390283822332808,0.09721539867739869,0.09721539867739869,0.08924883857546223,0.521362166330944,0.47863783366905593,USDC-WETH,USDC_WETH,Uniswap_V2,0xb4e16d0168e52d35cacd2c6185b44281ec28c9dc,2024-01-31,Baseline State
-0.0023517678438619,-0.0026551593909566,-7.739420122630955,0.0004390865521355,-0.0018730082690616,0.03989800810813904,0.019987164786853556,0.025153794535704186,0.031918170239801306,0.034763582319732506,0.05337090099014113,0.05337090099014113,0.11182271188209156,0.3230808992077696,0.6769191007922303,USDC-WETH,USDC_WETH,Uniswap_V2,0xb4e16d0168e52d35cacd2c6185b44281ec28c9dc,2024-02-01,Baseline State
-0.0022881623676267,-0.0023517678438619,-7.741293130900017,0.0004353239364012,0.001101500311992,0.017185987904667854,0.016056732305020194,0.0235831168096728,0.028225492769232332,0.03444866654803114,0.032152397752264354,0.032152397752264354,0.10231400843195647,0.239111006716541,0.760888993283459,USDC-WETH,USDC_WETH,Uniswap_V2,0xb4e16d0168e52d35cacd2c6185b44281ec28c9dc,2024-02-02,Baseline State
-0.0023254632126097,-0.0022881623676267,-7.740191630588025,0.0004345093341851,0.0049498348291026,-0.08705171197652817,0.008152859308798846,0.014778891155855864,0.03447092678161233,0.049576475526268496,0.03400396048827604,0.03400396048827604,0.10697915277253553,0.24119172645429135,0.7588082735457087,USDC-WETH,USDC_WETH,Uniswap_V2,0xb4e16d0168e52d35cacd2c6185b44281ec28c9dc,2024-02-03,Baseline State
-0.0024967827005867,-0.0023254632126097,-7.735241795758922,0.0004349882100448,-0.0029505313809474,0.018990762531757355,0.014475566325038363,0.02026537691040935,0.03933992588523342,0.03718374181530834,0.052705586641877425,0.052705586641877425,0.11126461093598947,0.32143393995026665,0.6785660600497333,USDC-WETH,USDC_WETH,Uniswap_V2,0xb4e16d0168e52d35cacd2c6185b44281ec28c9dc,2024-02-04,Baseline State
-0.0023939328745518,-0.0024967827005867,-7.73819232713987,0.0004371466674339,-0.0366658807790036,0.2687073051929474,0.05263995801410717,0.04659311137999044,0.058833566228415575,0.01948489020066979,0.4381909306611564,0.4381909306611564,0.17755152582318298,0.7116464457608849,0.2883535542391152,USDC-WETH,USDC_WETH,Uniswap_V2,0xb4e16d0168e52d35cacd2c6185b44281ec28c9dc,2024-02-05,Baseline State
-0.0012955622838112,-0.0023939328745518,-7.774858207918873,0.0004358587534233,-0.0203975208738116,0.06408765912055969,0.018310705472790907,0.014398401641768886,0.05139408362082429,0.0377047155023408,0.1778276650033106,0.1778276650033106,0.12180790623772489,0.5934798203924223,0.40652017960757775,USDC-WETH,USDC_WETH,Uniswap_V2,0xb4e16d0168e52d35cacd2c6185b44281ec28c9dc,2024-02-06,Baseline State
-0.0008289679620053,-0.0012955622838112,-7.795255728792685,0.0004201670414914,0.0009135265659434,0.038023754954338074,0.018323083159517643,0.02516323373561949,0.023543008321635216,0.0281587705481916,0.03817131657405379,0.03817131657405379,0.09518809576496395,0.28622889006901975,0.7137711099309803,USDC-WETH,USDC_WETH,Uniswap_V2,0xb4e16d0168e52d35cacd2c6185b44281ec28c9dc,2024-02-07,Baseline State
-0.0008476509515706,-0.0008289679620053,-7.794342202226741,0.0004116834913239,-0.0274978114454631,0.05033349618315697,0.04688953513696132,0.04188477999684658,0.08390521403451696,0.05057216267346912,0.26551728766997695,0.26551728766997695,0.22325169184179397,0.5432367822016875,0.4567632177983125,USDC-WETH,USDC_WETH,Uniswap_V2,0xb4e16d0168e52d35cacd2c6185b44281ec28c9dc,2024-02-08,Baseline State
-0.0003763501804096,-0.0008476509515706,-7.821840013672205,0.0004120597469635,-0.0030114996106123,0.07131650298833847,0.027166381577547614,0.031221834383549602,0.02304329977739808,0.02508333984206178,0.05298702629172713,0.05298702629172713,0.10651485558055708,0.33220314186734623,0.6677968581326538,USDC-WETH,USDC_WETH,Uniswap_V2,0xb4e16d0168e52d35cacd2c6185b44281ec28c9dc,2024-02-09,Baseline State
-0.0003361903732345,-0.0003763501804096,-7.824851513282817,0.0004008833728744,-0.0008706274953613,0.0646129846572876,0.0236000891180167,0.027438587283120052,0.01899036580354562,0.021199937101687064,0.04569671080640955,0.04569671080640955,0.09122897930636943,0.333733653405518,0.6662663465944819,USDC-WETH,USDC_WETH,Uniswap_V2,0xb4e16d0168e52d35cacd2c6185b44281ec28c9dc,2024-02-10,Baseline State
-0.0003250018896312,-0.0003361903732345,-7.825722140778178,0.0003996779287613,-0.0591792427628155,0.1410875916481018,0.04170421424086857,0.038025041157603384,0.13246001690141118,0.08079040050021082,0.42599936409322176,0.42599936409322176,0.29297967280009396,0.5925059594699043,0.40749404053009564,USDC-WETH,USDC_WETH,Uniswap_V2,0xb4e16d0168e52d35cacd2c6185b44281ec28c9dc,2024-02-11,Baseline State
-8.368067749398023e-06,-0.0003250018896312,-7.884901383540994,0.0003993301095997,0.0066214456391717,-0.04945109784603119,0.00014841599973833275,0.005204311627660797,0.01196434258451914,0.022375364452596573,0.028532018791288576,0.028532018791288576,0.039692434664514845,0.41820809615971416,0.581791903840286,USDC-WETH,USDC_WETH,Uniswap_V2,0xb4e16d0168e52d35cacd2c6185b44281ec28c9dc,2024-02-12,Baseline State
-3.0441341603015815e-07,-8.368067749398023e-06,-7.878279937901822,0.0003763837273421,-0.0516751191558482,-0.09698687493801117,0.03979122584012506,0.03818192500051218,0.16435966992130954,0.1451877300184626,0.28246577548742424,0.28246577548742424,0.38752055078040937,0.4215993139157079,0.5784006860842922,USDC-WETH,USDC_WETH,Uniswap_V2,0xb4e16d0168e52d35cacd2c6185b44281ec28c9dc,2024-02-13,Baseline State
-0.0003541499730789,-3.0441341603015815e-07,-7.92995505705767,0.0003788842009715,-0.0164599849645119,-0.08264987170696259,0.017968105788024456,0.013448593828416816,0.0843712724402085,0.09423156074577312,0.11930176074048635,0.11930176074048635,0.21001953280242291,0.36226555366952545,0.6377344463304745,USDC-WETH,USDC_WETH,Uniswap_V2,0xb4e16d0168e52d35cacd2c6185b44281ec28c9dc,2024-02-14,Baseline State
-0.0006068784019039,-0.0003541499730789,-7.946415042022182,0.0003598025831538,0.0071858448310955,0.03883441165089607,0.0064885307508103455,0.0127612002293458,0.011570077653282596,0.01068082439031622,0.010734121727832863,0.010734121727832863,0.04150063302375496,0.20549769552630223,0.7945023044736977,USDC-WETH,USDC_WETH,Uniswap_V2,0xb4e16d0168e52d35cacd2c6185b44281ec28c9dc,2024-02-15,Baseline State
-0.0004882357624048,-0.0006068784019039,-7.939229197191087,0.0003539287125729,0.005236921359601,0.060897260904312134,0.009267274814220811,0.01458312434868711,0.008209620337843107,0.005289273252249378,0.01548006779633775,0.01548006779633775,0.037349292753000404,0.29302016218577315,0.7069798378142269,USDC-WETH,USDC_WETH,Uniswap_V2,0xb4e16d0168e52d35cacd2c6185b44281ec28c9dc,2024-02-16,Baseline State
-0.0004098828708497,-0.0004882357624048,-7.933992275831486,0.0003564811491059,-0.0303650249775095,-0.1468568593263626,0.043744214772878334,0.039782499035358174,0.13967786969853802,0.12647951727720974,0.19475934110264767,0.19475934110264767,0.34968410078398426,0.35772189748077066,0.6422781025192293,USDC-WETH,USDC_WETH,Uniswap_V2,0xb4e16d0168e52d35cacd2c6185b44281ec28c9dc,2024-02-17,Baseline State
-0.0009592829323021,-0.0004098828708497,-7.964357300808995,0.0003583529097037,-0.0222474282709344,-0.15283231437206268,0.017078042223729932,0.004592947563127947,0.12104561441430559,0.12692165817092158,0.10873804764504838,0.10873804764504838,0.26963826237208505,0.2873806968520956,0.7126193031479043,USDC-WETH,USDC_WETH,Uniswap_V2,0xb4e16d0168e52d35cacd2c6185b44281ec28c9dc,2024-02-18,Baseline State
-0.0015074523359104,-0.0009592829323021,-7.98660472907993,0.0003476350620125,-0.0247444368417015,-0.21805761754512787,0.03179856874021351,0.02552017102021442,0.13832683093216522,0.14220327957923093,0.11172333237172222,0.11172333237172222,0.3378488502718241,0.24851033201114367,0.7514896679888563,USDC-WETH,USDC_WETH,Uniswap_V2,0xb4e16d0168e52d35cacd2c6185b44281ec28c9dc,2024-02-19,Baseline State
-0.0022613772886792,-0.0015074523359104,-8.011349165921631,0.0003399864721023,0.0141339737684917,0.12623703479766846,0.002164243963878848,0.005674463296067128,0.05278738112202744,0.0761513871142504,0.014279853125771659,0.014279853125771659,0.13677747549622382,0.09453267349580527,0.9054673265041948,USDC-WETH,USDC_WETH,Uniswap_V2,0xb4e16d0168e52d35cacd2c6185b44281ec28c9dc,2024-02-20,Baseline State
-0.0018121639210256,-0.0022613772886792,-7.997215192153139,0.0003316769297702,-0.0007773585933961,-0.009864764288067818,0.007700844637310113,0.009904677212236111,0.02749984825708304,0.031950638801994245,0.023912300566489263,0.023912300566489263,0.07705600890862352,0.2368297606526065,0.7631702393473935,USDC-WETH,USDC_WETH,Uniswap_V2,0xb4e16d0168e52d35cacd2c6185b44281ec28c9dc,2024-02-21,Baseline State
-0.0018355852061529,-0.0018121639210256,-7.997992550746535,0.0003363981288516,0.0184099797125698,0.15922652184963226,0.010933336006829553,0.016842089633549905,0.07248161404902252,0.0878570870277695,0.03695550522251321,0.03695550522251321,0.18811412671717148,0.16419587531212002,0.83580412468788,USDC-WETH,USDC_WETH,Uniswap_V2,0xb4e16d0168e52d35cacd2c6185b44281ec28c9dc,2024-02-22,Baseline State
-0.0013211480681221,-0.0018355852061529,-7.979582571033966,0.0003361367284894,-0.0250717760257028,-0.26045745611190796,0.03769209487733103,0.03283790494654437,0.15338896337314803,0.14732867023573684,0.10272227696587835,0.10272227696587835,0.37124763343276024,0.216727422378949,0.7832725776210511,USDC-WETH,USDC_WETH,Uniswap_V2,0xb4e16d0168e52d35cacd2c6185b44281ec28c9dc,2024-02-23,Baseline State
-0.002042436776677,-0.0013211480681221,-8.004654347059668,0.0003423823129845,-0.0384661877307817,-0.2531600892543793,0.03994973506708437,0.03842156204917452,0.17606295068416303,0.18361227608444736,0.17681853427551608,0.17681853427551608,0.43804652388486925,0.28757291039523275,0.7124270896047672,USDC-WETH,USDC_WETH,Uniswap_V2,0xb4e16d0168e52d35cacd2c6185b44281ec28c9dc,2024-02-24,Baseline State
-0.0034512125562414,-0.002042436776677,-8.04312053479045,0.0003339048963304,-0.0210919365243675,-0.2261582463979721,0.00925467618611104,0.0017721952868982593,0.11523807318364064,0.1387025573268861,0.027196964656793426,0.027196964656793426,0.264967501983536,0.09308785893622849,0.9069121410637715,USDC-WETH,USDC_WETH,Uniswap_V2,0xb4e16d0168e52d35cacd2c6185b44281ec28c9dc,2024-02-25,Baseline State
-0.0043781733406825,-0.0034512125562414,-8.064212471314818,0.0003213047414757,-0.0216104610266025,-0.29492610692977905,0.016440920032604018,0.0052686819315846956,0.13510902089736546,0.1642841775400246,0.018108793116825762,0.018108793116825762,0.3211028004015788,0.05338494751607962,0.9466150524839203,USDC-WETH,USDC_WETH,Uniswap_V2,0xb4e16d0168e52d35cacd2c6185b44281ec28c9dc,2024-02-26,Liquidity Stress State
-0.0054407531609018,-0.0043781733406825,-8.08582293234142,0.0003145987718119,-0.0385164067128673,-0.4757992923259735,0.051427813826701495,0.04550434678955454,0.214054865820149,0.2587870652013368,0.08590689895679438,0.08590689895679438,0.5697740916377418,0.13101935268688913,0.8689806473131109,USDC-WETH,USDC_WETH,Uniswap_V2,0xb4e16d0168e52d35cacd2c6185b44281ec28c9dc,2024-02-27,Liquidity Stress State
-0.0076158049143693,-0.0054407531609018,-8.124339339054288,0.0003078730816929,0.0061140607465812,0.13774359226226807,0.003965207067624821,0.01426599079011161,0.034412277328739124,0.04488890181415484,0.032143314906663674,0.032143314906663674,0.09753237700063039,0.24787463582336716,0.7521253641766329,USDC-WETH,USDC_WETH,Uniswap_V2,0xb4e16d0168e52d35cacd2c6185b44281ec28c9dc,2024-02-28,Baseline State
-0.0072466033495397,-0.0076158049143693,-8.118225278307706,0.0002962403798701,-0.0241779442562819,-0.550400972366333,0.0636175680511526,0.06052224901831371,0.19496048127082366,0.2327899684990755,0.0065786058819414794,0.0065786058819414794,0.5518902668393655,0.011779718088647001,0.988220281911353,USDC-WETH,USDC_WETH,Uniswap_V2,0xb4e16d0168e52d35cacd2c6185b44281ec28c9dc,2024-02-29,Baseline State
-0.0087590713356893,-0.0072466033495397,-8.142403222563988,0.0002980571598403,0.005156244854799,0.16349944472312927,0.00391465384643816,0.010897119644715987,0.03359444284273389,0.05000224398923648,0.05702308404503078,0.05702308404503078,0.09840846032312452,0.36686944260147,0.6331305573985301,USDC-WETH,USDC_WETH,Uniswap_V2,0xb4e16d0168e52d35cacd2c6185b44281ec28c9dc,2024-03-01,Baseline State
-0.0084247525533361,-0.0087590713356893,-8.13724697770919,0.0002909371706382,-0.0177568502141678,-0.23312491178512573,0.029745998209027118,0.028327632551983672,0.0985992316926131,0.11957792573614759,0.035057976049671785,0.035057976049671785,0.27625078818977145,0.11261480586748575,0.8873851941325144,USDC-WETH,USDC_WETH,Uniswap_V2,0xb4e16d0168e52d35cacd2c6185b44281ec28c9dc,2024-03-02,Baseline State
-0.0096027987173635,-0.0084247525533361,-8.155003827923357,0.0002924411881364,-0.0423743202641535,-0.7584137320518494,0.060386936509214506,0.055666777665929736,0.2676930897520252,0.34266487047769756,0.04006995800195623,0.04006995800195623,0.726411674404867,0.0522777798029326,0.9477222201970674,USDC-WETH,USDC_WETH,Uniswap_V2,0xb4e16d0168e52d35cacd2c6185b44281ec28c9dc,2024-03-03,Baseline State
-0.0127165179714274,-0.0096027987173635,-8.19737814818751,0.000287294186272,0.0170603345656701,0.3714537024497986,0.002961917228333333,0.012089841903028298,0.11740073459164312,0.1681094382433568,0.06282387012846309,0.06282387012846309,0.30056193196636155,0.1728847681067885,0.8271152318932116,USDC-WETH,USDC_WETH,Uniswap_V2,0xb4e16d0168e52d35cacd2c6185b44281ec28c9dc,2024-03-04,Baseline State
-0.0114119065140809,-0.0127165179714274,-8.18031781362184,0.0002753746157569,-0.068961726957907,-1.469042420387268,0.1063072282854407,0.10717702589073434,0.46531422080548424,0.5713589693187088,0.2269528764418741,0.2269528764418741,1.2501574443003682,0.15364653083449525,0.8463534691655048,USDC-WETH,USDC_WETH,Uniswap_V2,0xb4e16d0168e52d35cacd2c6185b44281ec28c9dc,2024-03-05,Baseline State
-0.0171027680628914,-0.0114119065140809,-8.249279540579748,0.0002801129022847,-0.0126411334807343,-0.3343481123447418,0.06039097886640176,0.05059975150078114,0.10458394765663921,0.11879049509847096,0.008050839577422697,0.008050839577422697,0.3343651731222931,0.02351186649814458,0.9764881335018554,USDC-WETH,USDC_WETH,Uniswap_V2,0xb4e16d0168e52d35cacd2c6185b44281ec28c9dc,2024-03-06,Baseline State
-0.0182650891909716,-0.0171027680628914,-8.261920674060482,0.0002614468513113,-0.0049104523015248,-0.18510480225086212,0.038066293819125525,0.03389945739343437,0.03267373113361524,0.04079938552704412,0.047733834732616866,0.047733834732616866,0.14543886787321925,0.24710445155398855,0.7528955484460115,USDC-WETH,USDC_WETH,Uniswap_V2,0xb4e16d0168e52d35cacd2c6185b44281ec28c9dc,2024-03-07,Baseline State
-0.0187264163300394,-0.0182650891909716,-8.266831126362007,0.0002581626683968,-0.0032434007155384,-0.05791132524609566,0.020967410069584757,0.015983829556256154,0.014180828986189817,0.004037984583012716,0.0108091724060262,0.0108091724060262,0.05517005319504344,0.1638269062353312,0.8361730937646689,USDC-WETH,USDC_WETH,Uniswap_V2,0xb4e16d0168e52d35cacd2c6185b44281ec28c9dc,2024-03-08,Baseline State
-0.0190341313045084,-0.0187264163300394,-8.270074527077545,0.0002568980803184,0.0070848911494127,0.13462164998054504,0.02555468981740894,0.02258136590751819,0.05780862937420696,0.08909600923337276,0.027785166742918484,0.027785166742918484,0.19504069433250684,0.12469453325039932,0.8753054667496007,USDC-WETH,USDC_WETH,Uniswap_V2,0xb4e16d0168e52d35cacd2c6185b44281ec28c9dc,2024-03-09,Baseline State
-0.0183650490267957,-0.0190341313045084,-8.262989635928133,0.0002560662066799,-0.0499722478726756,-1.0610679388046265,0.054185793356220466,0.05237151591473177,0.33998679487896816,0.44982191771037167,0.1727698172993084,0.1727698172993084,0.896366021860292,0.16159762957260415,0.8384023704273958,USDC-WETH,USDC_WETH,Uniswap_V2,0xb4e16d0168e52d35cacd2c6185b44281ec28c9dc,2024-03-10,Baseline State
-0.0233258155758727,-0.0183650490267957,-8.312961883800808,0.0002578868497947,0.02462891136806,0.579078197479248,0.020179347772984572,0.016107062203144062,0.19916153047521068,0.31841234157987813,0.0897228350453139,0.0897228350453139,0.5538602820312175,0.13941141814421548,0.8605885818557846,USDC-WETH,USDC_WETH,Uniswap_V2,0xb4e16d0168e52d35cacd2c6185b44281ec28c9dc,2024-03-11,High IL State
-0.0208107828835578,-0.0233258155758727,-8.288332972432748,0.0002453163676731,-0.005373028780383,-0.16848325729370117,0.03383211745132582,0.03036230309514216,0.03311554345069457,0.030213442107643096,0.04902775154386953,0.04902775154386953,0.12752340610480564,0.2776971400064758,0.7223028599935242,USDC-WETH,USDC_WETH,Uniswap_V2,0xb4e16d0168e52d35cacd2c6185b44281ec28c9dc,2024-03-12,Baseline State
-0.02134790232882,-0.0208107828835578,-8.293706001213131,0.0002514332597488,0.0295617442437166,0.6728870272636414,0.015840599596948324,0.009101683997337684,0.2390927122403208,0.3592459012498612,0.0914227970127713,0.0914227970127713,0.6232808970844681,0.12791706236841238,0.8720829376315876,USDC-WETH,USDC_WETH,Uniswap_V2,0xb4e16d0168e52d35cacd2c6185b44281ec28c9dc,2024-03-13,High IL State
-0.0184733110458465,-0.02134790232882,-8.264144256969415,0.0002500859244848,0.0372820364339023,0.9199506640434265,0.011108238757791211,0.019065012919959306,0.31749589342918844,0.45150209317004175,0.11271152541147174,0.11271152541147174,0.7991712382769807,0.12360308791841577,0.8763969120815842,USDC-WETH,USDC_WETH,Uniswap_V2,0xb4e16d0168e52d35cacd2c6185b44281ec28c9dc,2024-03-14,High IL State
-0.0151316966358527,-0.0184733110458465,-8.226862220535512,0.0002575892600464,0.0586913728935041,1.2831220626831055,0.04951031592996784,0.05111715855874692,0.5158937486169621,0.6444874584198814,0.014045480802573174,0.014045480802573174,1.2610086815255583,0.011015595429238408,0.9889844045707616,USDC-WETH,USDC_WETH,Uniswap_V2,0xb4e16d0168e52d35cacd2c6185b44281ec28c9dc,2024-03-15,High IL State
-0.0105248469171773,-0.0151316966358527,-8.168170847642008,0.0002673739759627,-0.031838438068803,-0.5438147783279419,0.04305728314913112,0.04358138197065155,0.22675343391567815,0.25103330886241565,0.01254272921496069,0.01254272921496069,0.5644254078978765,0.021739032726702755,0.9782609672732973,USDC-WETH,USDC_WETH,Uniswap_V2,0xb4e16d0168e52d35cacd2c6185b44281ec28c9dc,2024-03-16,Baseline State
-0.0129238047910577,-0.0105248469171773,-8.200009285710811,0.0002835361732658,0.0326073249315541,0.5948300361633301,0.005005242991102277,0.01100330984929659,0.24693262070680883,0.31601693331145203,0.00780402894969646,0.00780402894969646,0.5789581068586598,0.013300157718843249,0.9866998422811568,USDC-WETH,USDC_WETH,Uniswap_V2,0xb4e16d0168e52d35cacd2c6185b44281ec28c9dc,2024-03-17,High IL State
-0.0104698724112205,-0.0129238047910577,-8.167401960779257,0.0002746510196303,0.1084977888786795,1.7567423582077026,0.1663255966021632,0.167952514882811,0.7676536053466136,0.9171918972638796,0.2704491562427387,0.2704491562427387,2.0191236140954674,0.11812210546284102,0.8818778945371589,USDC-WETH,USDC_WETH,Uniswap_V2,0xb4e16d0168e52d35cacd2c6185b44281ec28c9dc,2024-03-18,High IL State
-0.004134615503082,-0.0104698724112205,-8.058904171900577,0.0002837542643375,-0.1082448613973134,-1.465254783630371,0.17451156803076323,0.12982305174270267,0.519694125583291,0.5367762903895135,0.11251764823907484,0.11251764823907484,1.3608050357462704,0.07636999651340061,0.9236300034865994,USDC-WETH,USDC_WETH,Uniswap_V2,0xb4e16d0168e52d35cacd2c6185b44281ec28c9dc,2024-03-19,Liquidity Stress State
-0.0104518190275918,-0.004134615503082,-8.16714903329789,0.0003162731965301,0.0098209274919582,0.23932784795761108,0.0007183351807084903,0.01275439558428507,0.05466649800517695,0.10251237652377458,0.060608342308692005,0.060608342308692005,0.17065160529394507,0.2620788551454333,0.7379211448545667,USDC-WETH,USDC_WETH,Uniswap_V2,0xb4e16d0168e52d35cacd2c6185b44281ec28c9dc,2024-03-20,Liquidity Stress State
-0.0097625659800569,-0.0104518190275918,-8.157328105805933,0.0002838260426659,0.0477142946648676,0.7482277750968933,0.034491909154152,0.03804454019600163,0.3309730705627042,0.3920230765908623,0.05537272176180075,0.05537272176180075,0.7955325965037201,0.06507506836914839,0.9349249316308516,USDC-WETH,USDC_WETH,Uniswap_V2,0xb4e16d0168e52d35cacd2c6185b44281ec28c9dc,2024-03-21,High IL State
-0.0067418797408093,-0.0097625659800569,-8.109613811141065,0.0002866272101682,-0.004097577891363,-0.1700635552406311,0.016754045387749383,0.02274987799151382,0.044327096273579246,0.0688640001805276,0.025436435762235043,0.025436435762235043,0.15269501983337005,0.1427958676764028,0.8572041323235973,USDC-WETH,USDC_WETH,Uniswap_V2,0xb4e16d0168e52d35cacd2c6185b44281ec28c9dc,2024-03-22,Baseline State
-0.0069798095139819,-0.0067418797408093,-8.113711389032428,0.0003006349526449,-0.0342142791613522,-0.5096943974494934,0.059214934405267365,0.058305806158700194,0.20785394537158616,0.2505853853203473,0.05819777345143362,0.05819777345143362,0.575960071255901,0.09177174726631669,0.9082282527336833,USDC-WETH,USDC_WETH,Uniswap_V2,0xb4e16d0168e52d35cacd2c6185b44281ec28c9dc,2024-03-23,Baseline State
-0.0091241855107584,-0.0069798095139819,-8.14792566819378,0.000299405597918,-0.0390639709951425,-0.7068884372711182,0.07741779538890951,0.07090620030175979,0.2529239598582828,0.3188048047828528,0.005096422705712644,0.005096422705712644,0.7200527603318049,0.0070281023890348465,0.9929718976109652,USDC-WETH,USDC_WETH,Uniswap_V2,0xb4e16d0168e52d35cacd2c6185b44281ec28c9dc,2024-03-24,Baseline State
-0.0119139530056382,-0.0091241855107584,-8.186989639188923,0.0002893349141908,0.0002231957962823,-0.03231867030262947,0.022624909815537553,0.015664612559899017,0.009812408030740344,0.008537546596927887,0.016252906345501354,0.016252906345501354,0.0566394770031048,0.2229712570622393,0.7770287429377608,USDC-WETH,USDC_WETH,Uniswap_V2,0xb4e16d0168e52d35cacd2c6185b44281ec28c9dc,2024-03-25,Baseline State
-0.0118969883017967,-0.0119139530056382,-8.18676644339264,0.0002782502583885,0.0275801188118887,0.5743165612220764,0.008155977857878804,0.014884507017450433,0.22005444327957213,0.27481625667566295,0.048337476036538075,0.048337476036538075,0.5179111848305643,0.08536439797052836,0.9146356020294717,USDC-WETH,USDC_WETH,Uniswap_V2,0xb4e16d0168e52d35cacd2c6185b44281ec28c9dc,2024-03-26,High IL State
-0.0098912217431385,-0.0118969883017967,-8.159186324580752,0.0002783123696077,-0.0215543355929206,-0.46972671151161194,0.026357968354782497,0.02530903785458516,0.15856947187879072,0.1981657194928851,0.06939241428554238,0.06939241428554238,0.40840219758104346,0.1452348196528402,0.8547651803471598,USDC-WETH,USDC_WETH,Uniswap_V2,0xb4e16d0168e52d35cacd2c6185b44281ec28c9dc,2024-03-27,Baseline State
-0.0114434137646213,-0.0098912217431385,-8.180740660173672,0.0002860950886571,0.015565685431861,0.2858719825744629,0.009651103226511588,0.003600990228085854,0.09499799612564198,0.1404033532646377,0.05565482628380669,0.05565482628380669,0.24865344284487714,0.18288962847825788,0.8171103715217423,USDC-WETH,USDC_WETH,Uniswap_V2,0xb4e16d0168e52d35cacd2c6185b44281ec28c9dc,2024-03-28,Baseline State
-0.0103114365304347,-0.0114434137646213,-8.165174974741811,0.0002799944825483,0.0013241444663467,0.09151685237884521,0.0035066464795820633,0.0010355794139659813,0.023746275860163604,0.018821583486165517,0.04335215974315819,0.04335215974315819,0.04711008523987717,0.47922931551486636,0.5207706844851336,USDC-WETH,USDC_WETH,Uniswap_V2,0xb4e16d0168e52d35cacd2c6185b44281ec28c9dc,2024-03-29,Baseline State
-0.0102177898649125,-0.0103114365304347,-8.163850830275464,0.0002843868852798,-0.0363777986866402,-0.5507317781448364,0.04456556630050054,0.04204851342005119,0.23392801530006177,0.27750786858440546,0.03925028510520867,0.03925028510520867,0.5980499636050189,0.06158837248948773,0.9384116275105122,USDC-WETH,USDC_WETH,Uniswap_V2,0xb4e16d0168e52d35cacd2c6185b44281ec28c9dc,2024-03-30,Baseline State
-0.0129411583423577,-0.0102177898649125,-8.200228628962105,0.0002847637040264,0.0371068853578027,0.719034731388092,0.02082531147466482,0.0258972496160694,0.27496013997016705,0.3600717702005329,0.02921235977168392,0.02921235977168392,0.6817544712614341,0.04108821747596149,0.9589117825240385,USDC-WETH,USDC_WETH,Uniswap_V2,0xb4e16d0168e52d35cacd2c6185b44281ec28c9dc,2024-03-31,High IL State
-0.0101664047777595,-0.0129411583423577,-8.163121743604302,0.0002745907833891,0.0676169233195658,0.8897687196731567,0.03551600241680719,0.048021539617150624,0.4578975099698602,0.5204741293507084,0.18020836203634358,0.18020836203634358,1.0619091813545265,0.14508156896680716,0.8549184310331929,USDC-WETH,USDC_WETH,Uniswap_V2,0xb4e16d0168e52d35cacd2c6185b44281ec28c9dc,2024-04-01,High IL State
-0.005953693456996,-0.0101664047777595,-8.095504820284736,0.0002849713971514,-0.0127130569358389,-0.18316124379634857,0.02097562924782494,0.02777200944416405,0.07699189060153531,0.09931418586656988,0.03382457100877165,0.03382457100877165,0.2250537151600942,0.13065820045914525,0.8693417995408547,USDC-WETH,USDC_WETH,Uniswap_V2,0xb4e16d0168e52d35cacd2c6185b44281ec28c9dc,2024-04-02,Baseline State
-0.0066617497793843,-0.005953693456996,-8.108217877220575,0.0003049066724086,-0.0028314957134529,-0.061560019850730896,0.005584484855318467,0.0016465342920070208,0.01814231912438989,0.04057100452518008,0.003683577408809424,0.003683577408809424,0.06594434279689546,0.05290374030887131,0.9470962596911287,USDC-WETH,USDC_WETH,Uniswap_V2,0xb4e16d0168e52d35cacd2c6185b44281ec28c9dc,2024-04-03,Baseline State
-0.0068247755442885,-0.0066617497793843,-8.111049372934028,0.0003010549122227,0.0007912961793916,0.07846699655056,0.00479227367423593,0.008909272811766551,0.01294571454284401,0.0015279213349636,0.04527975650170312,0.04527975650170312,0.02817518236381009,0.6164290271155856,0.38357097288441444,USDC-WETH,USDC_WETH,Uniswap_V2,0xb4e16d0168e52d35cacd2c6185b44281ec28c9dc,2024-04-04,Baseline State
-0.006779020956742,-0.0068247755442885,-8.110258076754636,0.000300203682225,-0.0093930870256109,-0.13107745349407196,0.008704562842473864,0.007880758383113914,0.04774864701076056,0.07627979784748487,0.0014684122347872752,0.0014684122347872752,0.1406137660838332,0.01033495018280441,0.9896650498171956,USDC-WETH,USDC_WETH,Uniswap_V2,0xb4e16d0168e52d35cacd2c6185b44281ec28c9dc,2024-04-05,Baseline State
-0.0073319014110726,-0.006779020956742,-8.119651163780247,0.0003004413262628,-0.026547334092525,-0.4944835305213928,0.053989512339843615,0.05160436812797754,0.1797549911855341,0.22140926519251466,0.004206705969503122,0.004206705969503122,0.5067581368458699,0.008232867737679422,0.9917671322623206,USDC-WETH,USDC_WETH,Uniswap_V2,0xb4e16d0168e52d35cacd2c6185b44281ec28c9dc,2024-04-06,Baseline State
-0.0090092113137093,-0.0073319014110726,-8.146198497872772,0.0002976324673195,-0.0673352332371806,-1.327728033065796,0.12213172712017523,0.11515829951024092,0.429700124488532,0.5477791790060966,0.1210266032957249,0.1210266032957249,1.2147693301250448,0.09060261396798404,0.909397386032016,USDC-WETH,USDC_WETH,Uniswap_V2,0xb4e16d0168e52d35cacd2c6185b44281ec28c9dc,2024-04-07,Baseline State
-0.014014826356458,-0.0090092113137093,-8.213533731109953,0.000289835076676,0.0529651517921667,0.8422855138778687,0.022318274249239156,0.037506851262625505,0.35072587548746276,0.49676247233699405,0.07309585981342683,0.07309585981342683,0.9073134733363215,0.07455647079428825,0.9254435292057118,USDC-WETH,USDC_WETH,Uniswap_V2,0xb4e16d0168e52d35cacd2c6185b44281ec28c9dc,2024-04-08,High IL State
-0.0099874561896341,-0.014014826356458,-8.160568579317786,0.0002709615223509,-0.0119757191644715,-0.12992462515830994,0.010045490560177376,0.009663873946902707,0.06196306962563516,0.07248601785341308,0.0161659264728444,0.0161659264728444,0.15415845198612832,0.09491258162282626,0.9050874183771738,USDC-WETH,USDC_WETH,Uniswap_V2,0xb4e16d0168e52d35cacd2c6185b44281ec28c9dc,2024-04-09,Baseline State
-0.0108402074669679,-0.0099874561896341,-8.172544298482258,0.0002856999055503,0.0114419150048341,0.24358665943145752,0.008813696934512633,0.004444070281752949,0.07528831476655519,0.1109820863430495,0.06250612518314444,0.06250612518314444,0.19952816832587028,0.23854177384989514,0.7614582261501047,USDC-WETH,USDC_WETH,Uniswap_V2,0xb4e16d0168e52d35cacd2c6185b44281ec28c9dc,2024-04-10,Baseline State
-0.0100247419121543,-0.0108402074669679,-8.161102383477424,0.0002822988494103,0.0776202549981217,1.4284664392471313,0.09527839068811648,0.09884236569391525,0.585279388715312,0.7498560000479984,0.10885760625318475,0.10885760625318475,1.5292561451453421,0.06645302022539547,0.9335469797746045,USDC-WETH,USDC_WETH,Uniswap_V2,0xb4e16d0168e52d35cacd2c6185b44281ec28c9dc,2024-04-11,High IL State
-0.0053201593972961,-0.0100247419121543,-8.083482128479302,0.0002855474384498,0.0726914457262779,0.811191976070404,0.08784428931900387,0.087634785924947,0.480268168823212,0.4384000750813969,0.2910232434331297,0.2910232434331297,1.0941473191485598,0.21009921181888155,0.7899007881811184,USDC-WETH,USDC_WETH,Uniswap_V2,0xb4e16d0168e52d35cacd2c6185b44281ec28c9dc,2024-04-12,High IL + Liquidity Stress
-0.0022426895059718,-0.0053201593972961,-8.010790682753024,0.0003085945963242,-0.0488441905877774,-0.6035101413726807,0.045389188164850096,0.058575756665110834,0.28692086280311424,0.2856003729475583,0.06490813885297886,0.06490813885297886,0.6764861805806335,0.0875487404631929,0.9124512595368071,USDC-WETH,USDC_WETH,Uniswap_V2,0xb4e16d0168e52d35cacd2c6185b44281ec28c9dc,2024-04-13,Baseline State
-0.0041677325663392,-0.0022426895059718,-8.059634873340801,0.0003318622174881,0.0200130288324338,0.21080566942691803,0.004995067236245848,0.015856435366154525,0.08090485131645551,0.11780115196854779,0.016819736815459656,0.016819736815459656,0.2195575058874037,0.07115632885439319,0.9288436711456068,USDC-WETH,USDC_WETH,Uniswap_V2,0xb4e16d0168e52d35cacd2c6185b44281ec28c9dc,2024-04-14,Baseline State
-0.0033080062830496,-0.0041677325663392,-8.039621844508368,0.0003160421796623,0.0048831618043401,0.10045545548200607,0.002660957673630532,0.003929589049170835,0.020812931879567124,0.02578884872199994,0.039195227802663664,0.039195227802663664,0.05319232732436843,0.4242479168192141,0.575752083180786,USDC-WETH,USDC_WETH,Uniswap_V2,0xb4e16d0168e52d35cacd2c6185b44281ec28c9dc,2024-04-15,Baseline State
-0.0031131640792577,-0.0033080062830496,-8.034738682704027,0.0003224308560667,0.033101156533922,0.2985297441482544,0.02662565527018662,0.02975676328314395,0.16222313233991245,0.17813871578538945,0.10628242288535203,0.10628242288535203,0.3967442666786325,0.2112858524017402,0.7887141475982598,USDC-WETH,USDC_WETH,Uniswap_V2,0xb4e16d0168e52d35cacd2c6185b44281ec28c9dc,2024-04-16,Baseline State
-0.0019474020021397,-0.0031131640792577,-8.001637526170105,0.0003240091885978,-0.0284941489796199,-0.24706478416919708,0.029707895417927704,0.027504037714521562,0.1585842686730096,0.15458674853824977,0.11525026581953762,0.11525026581953762,0.3703829503437086,0.23731956955101707,0.7626804304489829,USDC-WETH,USDC_WETH,Uniswap_V2,0xb4e16d0168e52d35cacd2c6185b44281ec28c9dc,2024-04-17,Baseline State
-0.002934720956483,-0.0019474020021397,-8.030131675149725,0.0003349137485949,0.0033679278366918,0.013009829446673393,0.009055080952347624,0.002555735076816923,0.0018627457485325596,0.008160353627244554,0.01025513724215197,0.01025513724215197,0.02163391540494166,0.32158801817170396,0.6784119818282961,USDC-WETH,USDC_WETH,Uniswap_V2,0xb4e16d0168e52d35cacd2c6185b44281ec28c9dc,2024-04-18,Baseline State
-0.0028075790971648,-0.002934720956483,-8.026763747313034,0.0003255053451333,-0.028221765451132,-0.24706478416919708,0.0269472830370978,0.022915169536405267,0.1512484800019132,0.15968468017947202,0.10566292823071727,0.10566292823071727,0.3607956127548883,0.22652158540704675,0.7734784145929533,USDC-WETH,USDC_WETH,Uniswap_V2,0xb4e16d0168e52d35cacd2c6185b44281ec28c9dc,2024-04-19,Baseline State
-0.00395924399229,-0.0028075790971648,-8.054985512764166,0.0003266034718139,-0.0015143505012122,-0.01791100762784481,0.0013904807367482105,0.00817371541235793,0.02447315451371032,0.03368137087896306,0.02539238273424487,0.02539238273424487,0.06771872154177952,0.27271057444416186,0.7272894255558381,USDC-WETH,USDC_WETH,Uniswap_V2,0xb4e16d0168e52d35cacd2c6185b44281ec28c9dc,2024-04-20,Baseline State
-0.0040265696548894,-0.00395924399229,-8.056499863265378,0.0003175149948844,-0.0160102617970121,-0.13503007590770721,0.017935577362901786,0.013263976902940372,0.08252450804532581,0.1021540487012436,0.07278013474973036,0.07278013474973036,0.21587811101241156,0.25213253325769225,0.7478674667423076,USDC-WETH,USDC_WETH,Uniswap_V2,0xb4e16d0168e52d35cacd2c6185b44281ec28c9dc,2024-04-21,Baseline State
-0.0047726916776879,-0.0040265696548894,-8.07251012506239,0.0003170345297809,-0.0032303487957356,-0.05710437521338463,0.0026266821019613226,0.0031353448749296547,0.02835581777174374,0.046351573048168185,0.009026452478584983,0.009026452478584983,0.0804694177968029,0.10085887148546265,0.8991411285145374,USDC-WETH,USDC_WETH,Uniswap_V2,0xb4e16d0168e52d35cacd2c6185b44281ec28c9dc,2024-04-22,Baseline State
-0.0049308274479017,-0.0047726916776879,-8.075740473858126,0.00031199914047,0.0266730642898433,0.36142873764038086,0.017830985511342837,0.021862292814020176,0.15717251341075447,0.1782703781433082,0.021775332594018815,0.021775332594018815,0.37513616987942566,0.05486193385256126,0.9451380661474388,USDC-WETH,USDC_WETH,Uniswap_V2,0xb4e16d0168e52d35cacd2c6185b44281ec28c9dc,2024-04-23,Baseline State
-0.0037015260293101,-0.0049308274479017,-8.049067409568282,0.0003109929005503,-0.0081288206568519,-0.11472687125205994,0.005401470245413237,0.006249719868795493,0.05320438889772294,0.07389023236335807,0.015951039768255827,0.015951039768255827,0.13874581137528974,0.10311159955967439,0.8968884004403257,USDC-WETH,USDC_WETH,Uniswap_V2,0xb4e16d0168e52d35cacd2c6185b44281ec28c9dc,2024-04-24,Baseline State
-0.0040577176342155,-0.0037015260293101,-8.057196230225134,0.0003193996526894,0.0098171153338846,0.12961909174919128,0.007710138108300278,0.00333865853247671,0.047048586121547095,0.06439085865856478,0.021160543254882425,0.021160543254882425,0.12248824142088886,0.14730749934741003,0.8526925006525898,USDC-WETH,USDC_WETH,Uniswap_V2,0xb4e16d0168e52d35cacd2c6185b44281ec28c9dc,2024-04-25,Baseline State
-0.0036295803664668,-0.0040577176342155,-8.04737911489125,0.0003168138342607,-0.0403141370916522,-0.5436190366744995,0.06130364541762291,0.06115363519230401,0.24381435147168123,0.26307884973851253,0.07766354479064719,0.07766354479064719,0.6293504818201208,0.10984724753332688,0.8901527524666731,USDC-WETH,USDC_WETH,Uniswap_V2,0xb4e16d0168e52d35cacd2c6185b44281ec28c9dc,2024-04-26,Baseline State
-0.0055380664214945,-0.0036295803664668,-8.087693251982902,0.0003199393488778,-0.0017275044985058,-0.014578299596905708,0.0017307474163254025,0.01064488127413786,0.01689969807623709,0.03704304537734517,0.02238240964389012,0.02238240964389012,0.06631837214404553,0.2523361033885994,0.7476638966114006,USDC-WETH,USDC_WETH,Uniswap_V2,0xb4e16d0168e52d35cacd2c6185b44281ec28c9dc,2024-04-27,Baseline State
-0.0056287045161043,-0.0055380664214945,-8.089420756481408,0.0003072977987703,0.0115228742243846,0.15842051804065704,0.008244644667944468,0.005897155753240846,0.06115350794234742,0.07344574047385834,0.029895169690662648,0.029895169690662648,0.1487410488373911,0.16735223090253556,0.8326477690974645,USDC-WETH,USDC_WETH,Uniswap_V2,0xb4e16d0168e52d35cacd2c6185b44281ec28c9dc,2024-04-28,Baseline State
-0.0050378568639536,-0.0056287045161043,-8.077897882257023,0.0003067673987067,0.0658299560538768,0.6085013747215271,0.07682930010375466,0.07874784800380387,0.34993691102021623,0.3766206793876836,0.28170126414890523,0.28170126414890523,0.8821347385154583,0.2420454973931104,0.7579545026068897,USDC-WETH,USDC_WETH,Uniswap_V2,0xb4e16d0168e52d35cacd2c6185b44281ec28c9dc,2024-04-29,High IL State
-0.0022855416711347,-0.0050378568639536,-8.012067926203146,0.0003103226850788,0.015125848318906,0.1258491575717926,0.007818047325923394,0.009855459545041412,0.06786992598200256,0.07662617013924948,0.009041332033468604,0.009041332033468604,0.16216960299221683,0.052808145882225356,0.9471918541177746,USDC-WETH,USDC_WETH,Uniswap_V2,0xb4e16d0168e52d35cacd2c6185b44281ec28c9dc,2024-04-30,Baseline State
-0.0018039707113147,-0.0022855416711347,-7.99694207788424,0.0003314386192211,-0.0076830261323053,-0.11573771387338638,0.005115130822316153,0.0008306944128683991,0.06425243758467088,0.07072506953159004,0.0171177181230851,0.0171177181230851,0.14092333235144547,0.10831184728074016,0.8916881527192598,USDC-WETH,USDC_WETH,Uniswap_V2,0xb4e16d0168e52d35cacd2c6185b44281ec28c9dc,2024-05-01,Baseline State
-0.0020415047619308,-0.0018039707113147,-8.004625104016545,0.000336490016528,-0.037300993122324,-0.264554500579834,0.043654910040186005,0.04184383265804942,0.17823599845543578,0.1791018843933327,0.17021422461219593,0.17021422461219593,0.4428366255470039,0.27765107016488755,0.7223489298351126,USDC-WETH,USDC_WETH,Uniswap_V2,0xb4e16d0168e52d35cacd2c6185b44281ec28c9dc,2024-05-02,Baseline State
-0.0034019843237815,-0.0020415047619308,-8.04192609713887,0.0003339146608685,-0.0016453481674645,-0.009864764288067818,0.0015549701648769412,0.013318500314704801,0.025889629748410747,0.031185285175195886,0.024268779800983097,0.024268779800983097,0.07194838540318838,0.2522292124225972,0.7477707875774027,USDC-WETH,USDC_WETH,Uniswap_V2,0xb4e16d0168e52d35cacd2c6185b44281ec28c9dc,2024-05-03,Baseline State
-0.0034698877877328,-0.0034019843237815,-8.043571445306334,0.0003216887492476,-0.0064429050157315,-0.08896508067846298,0.003135954061539625,0.0036452093921523765,0.051213857231537464,0.061500396184872595,0.015172017052360343,0.015172017052360343,0.11949541687010207,0.11266285107278386,0.8873371489272162,USDC-WETH,USDC_WETH,Uniswap_V2,0xb4e16d0168e52d35cacd2c6185b44281ec28c9dc,2024-05-04,Baseline State
-0.0037421855356956,-0.0034698877877328,-8.050014350322066,0.000321159894448,0.0202662274764264,0.2059018909931183,0.0052703442185629,0.01199275681465643,0.0864251791934456,0.11334126609772263,0.019195555686243246,0.019195555686243246,0.21702954632438756,0.08125959317134464,0.9187404068286554,USDC-WETH,USDC_WETH,Uniswap_V2,0xb4e16d0168e52d35cacd2c6185b44281ec28c9dc,2024-05-05,Baseline State
-0.00292010053821,-0.0037421855356956,-8.029748122845639,0.0003190973432987,0.0202519276565951,0.2209351807832718,0.01377394003575632,0.014999659002719264,0.09297911246816463,0.10905202958512092,0.017937460663463328,0.017937460663463328,0.23080474109176113,0.0721126553390998,0.9278873446609002,USDC-WETH,USDC_WETH,Uniswap_V2,0xb4e16d0168e52d35cacd2c6185b44281ec28c9dc,2024-05-06,Baseline State
-0.0021996702728523,-0.00292010053821,-8.009496195189044,0.0003256302174045,0.0138384079126874,0.12168148905038834,0.006807586446949581,0.0005435446074232575,0.0579804625062417,0.07427344736808345,0.011289190124537952,0.011289190124537952,0.13960504092869797,0.0748152533449413,0.9251847466550588,USDC-WETH,USDC_WETH,Uniswap_V2,0xb4e16d0168e52d35cacd2c6185b44281ec28c9dc,2024-05-07,Baseline State
-0.001765690802202,-0.0021996702728523,-7.995657787276357,0.0003322920871721,-0.0215035646514385,-0.2261582463979721,0.008628754008741163,0.004102290706058137,0.1315906850892644,0.13661171076810705,0.04670729381922464,0.04670729381922464,0.28093344057217073,0.142556431226371,0.8574435687736289,USDC-WETH,USDC_WETH,Uniswap_V2,0xb4e16d0168e52d35cacd2c6185b44281ec28c9dc,2024-05-08,Baseline State
-0.00246043765424,-0.001765690802202,-8.017161351927795,0.0003369224451184,0.0418512474065879,0.314016729593277,0.05499051678302752,0.06069432653417643,0.17814843215527348,0.20163301650939,0.18951746274356437,0.18951746274356437,0.4954662919818674,0.2766743903576667,0.7233256096423332,USDC-WETH,USDC_WETH,Uniswap_V2,0xb4e16d0168e52d35cacd2c6185b44281ec28c9dc,2024-05-09,Baseline State
-0.0012137871038541,-0.00246043765424,-7.975310104521207,0.0003297547531955,-0.0024017613355784,-0.056723300367593765,0.0004603496626659903,0.0015527289313103797,0.04347043062889614,0.04811818470700622,0.024784336019358248,0.024784336019358248,0.09360169392987873,0.20935186381353935,0.7906481361864607,USDC-WETH,USDC_WETH,Uniswap_V2,0xb4e16d0168e52d35cacd2c6185b44281ec28c9dc,2024-05-10,Baseline State
-0.0012735818615907,-0.0012137871038541,-7.977711865856786,0.0003438482593247,-0.0052098055278833,-0.12267141044139862,0.002983593719892621,0.00454332130646797,0.06395477500799215,0.07101062473710648,0.0026663613621506765,0.0026663613621506765,0.14249231477145924,0.018368597958942873,0.9816314020410571,USDC-WETH,USDC_WETH,Uniswap_V2,0xb4e16d0168e52d35cacd2c6185b44281ec28c9dc,2024-05-11,Liquidity Stress State
-0.0014082110192159,-0.0012735818615907,-7.982921671384669,0.0003430234088137,-0.0047962900618196,-0.12267141044139862,0.0017190628469412948,0.004301033554817927,0.06172842877976793,0.07034917877919623,0.0012436739452850731,0.0012436739452850731,0.1380977039607234,0.008925374242559755,0.9910746257574402,USDC-WETH,USDC_WETH,Uniswap_V2,0xb4e16d0168e52d35cacd2c6185b44281ec28c9dc,2024-05-12,Baseline State
-0.0015381112621899,-0.0014082110192159,-7.987717961446489,0.0003412409706719,0.0213954516861116,0.15964756906032562,0.018136953092457136,0.027439114721169798,0.07335789982325075,0.08833441542654251,0.05568871435806857,0.05568871435806857,0.20726838306342021,0.21177870802553855,0.7882212919744616,USDC-WETH,USDC_WETH,Uniswap_V2,0xb4e16d0168e52d35cacd2c6185b44281ec28c9dc,2024-05-13,Baseline State
-0.0010027512282333,-0.0015381112621899,-7.966322509760377,0.0003396081987495,-0.0523697198502111,-0.3892883062362671,0.03188083124899621,0.02731237063579567,0.24335236859779588,0.24301487713089906,0.14820424102224578,0.14820424102224578,0.5455604476134869,0.21362321180353663,0.7863767881964633,USDC-WETH,USDC_WETH,Uniswap_V2,0xb4e16d0168e52d35cacd2c6185b44281ec28c9dc,2024-05-14,Baseline State
-0.0025142566453565,-0.0010027512282333,-8.018692229610588,0.0003469525573287,0.0319946618245277,0.3031483590602875,0.044712298145735525,0.05824573094861222,0.1353573401647756,0.16715661465126874,0.11039152520507861,0.11039152520507861,0.4054719839103921,0.2139936693610337,0.7860063306389664,USDC-WETH,USDC_WETH,Uniswap_V2,0xb4e16d0168e52d35cacd2c6185b44281ec28c9dc,2024-05-15,Baseline State
-0.0015099974043901,-0.0025142566453565,-7.98669756778606,0.0003292503252103,-0.0501312512775067,-0.4570537805557251,0.036021465149314244,0.034858017876318814,0.25206863201384244,0.25306531923409187,0.11089175336286829,0.11089175336286829,0.5760134342735674,0.1614367679248929,0.8385632320751071,USDC-WETH,USDC_WETH,Uniswap_V2,0xb4e16d0168e52d35cacd2c6185b44281ec28c9dc,2024-05-16,Baseline State
-0.0031958441770879,-0.0015099974043901,-8.036828819063567,0.0003399549096632,-0.0100573664212024,-0.10104809701442719,0.006041989089671293,0.004737554066284594,0.06229233907385423,0.07581597239055737,0.03029674911839714,0.03029674911839714,0.1488878546203675,0.16908120723679548,0.8309187927632046,USDC-WETH,USDC_WETH,Uniswap_V2,0xb4e16d0168e52d35cacd2c6185b44281ec28c9dc,2024-05-17,Baseline State
-0.0036087064350615,-0.0031958441770879,-8.04688618548477,0.0003233326724637,0.0158285334023986,0.16952618956565857,0.00331315506898573,0.0015756019070453653,0.06931850827234631,0.09606951575631288,0.002192181656034274,0.002192181656034274,0.1702767810046903,0.012710586427928274,0.9872894135720718,USDC-WETH,USDC_WETH,Uniswap_V2,0xb4e16d0168e52d35cacd2c6185b44281ec28c9dc,2024-05-18,Baseline State
-0.0029701671120647,-0.0036087064350615,-8.03105765208237,0.0003200970952669,-0.1740875609869849,-0.2831697463989258,0.23660691283064808,0.23242025746980563,0.47261799010504546,0.49881984620997843,1.1492273598615779,1.1492273598615779,1.4404650066154776,0.44376983719690016,0.5562301628030999,USDC-WETH,USDC_WETH,Uniswap_V2,0xb4e16d0168e52d35cacd2c6185b44281ec28c9dc,2024-05-19,Baseline State
-0.0133330920216778,-0.0029701671120647,-8.205145213069356,0.0003252040741988,-0.0360039971370369,-0.5380366444587708,0.06777321284130591,0.03394425807129926,0.19263579455709887,0.2992899065581322,0.04753862721409152,0.04753862721409152,0.5936431720278362,0.0741421969093581,0.9258578030906419,USDC-WETH,USDC_WETH,Uniswap_V2,0xb4e16d0168e52d35cacd2c6185b44281ec28c9dc,2024-05-20,Liquidity Stress State
-0.0163745316994515,-0.0133330920216778,-8.241149210206393,0.0002732440480891,0.0139866871582459,0.27881157398223877,0.029841173524949742,0.024079585616189392,0.08625865471147603,0.14563368129363177,0.09277209676329612,0.09277209676329612,0.285813095146247,0.24504945979361636,0.7549505402063836,USDC-WETH,USDC_WETH,Uniswap_V2,0xb4e16d0168e52d35cacd2c6185b44281ec28c9dc,2024-05-21,Baseline State
-0.015157335193166,-0.0163745316994515,-8.227162523048147,0.000263581165169,-0.0080601993746913,-0.2692112922668457,0.05090905958926065,0.04877050049478816,0.06200609558620873,0.07150033698053933,0.04409319997102279,0.04409319997102279,0.23318599265079687,0.15902094763800537,0.8409790523619947,USDC-WETH,USDC_WETH,Uniswap_V2,0xb4e16d0168e52d35cacd2c6185b44281ec28c9dc,2024-05-22,Baseline State
-0.0158532684662516,-0.015157335193166,-8.235222722422838,0.0002672936949408,0.0113932251314849,0.26747146248817444,0.017658046844462816,0.014852746741090939,0.08556024070945667,0.1305958648039168,0.07575825020538075,0.07575825020538075,0.24866689909892722,0.23351534357874384,0.7664846564212561,USDC-WETH,USDC_WETH,Uniswap_V2,0xb4e16d0168e52d35cacd2c6185b44281ec28c9dc,2024-05-23,Baseline State
-0.0148739456848908,-0.0158532684662516,-8.223829497291353,0.0002651479137969,-0.0062725502580764,-0.18107736110687256,0.03680820768736161,0.03497058762073964,0.04162780149482083,0.050707472853842764,0.025031191805081704,0.025031191805081704,0.16411406965676484,0.13233845570131225,0.8676615442986877,USDC-WETH,USDC_WETH,Uniswap_V2,0xb4e16d0168e52d35cacd2c6185b44281ec28c9dc,2024-05-24,Baseline State
-0.0154094007766155,-0.0148739456848908,-8.23010204754943,0.0002681860780525,-0.0198700822499997,-0.6672483086585999,0.08797480041716776,0.08858977978687178,0.19250473582850777,0.21776609444429962,0.08848079853672682,0.08848079853672682,0.586835410476847,0.13102128655547843,0.8689787134445215,USDC-WETH,USDC_WETH,Uniswap_V2,0xb4e16d0168e52d35cacd2c6185b44281ec28c9dc,2024-05-25,Baseline State
-0.0171655041721146,-0.0154094007766155,-8.24997212979943,0.000266509132261,-0.0148432959974638,-0.326234370470047,0.05080655766075247,0.04763423117293119,0.10281355631298843,0.12424055895397282,0.008807366724376042,0.008807366724376042,0.32549490410064486,0.026345518690735897,0.9736544813092641,USDC-WETH,USDC_WETH,Uniswap_V2,0xb4e16d0168e52d35cacd2c6185b44281ec28c9dc,2024-05-26,Baseline State
-0.0185363819473959,-0.0171655041721146,-8.264815425796893,0.0002612658387315,0.0099005336957169,0.2470443993806839,0.020590335975074144,0.01610453417158772,0.07832564604869016,0.12217813522807362,0.07516758789560798,0.07516758789560798,0.23719865142342567,0.24063928310394633,0.7593607168960538,USDC-WETH,USDC_WETH,Uniswap_V2,0xb4e16d0168e52d35cacd2c6185b44281ec28c9dc,2024-05-27,Baseline State
-0.0176164163261904,-0.0185363819473959,-8.254914892101176,0.0002574164321696,0.0195010694900741,0.4839273989200592,0.005171172020702564,0.0007962624370199678,0.16868502890512851,0.224742046073828,0.08839985804385123,0.08839985804385123,0.39939450943667903,0.18122361375437487,0.8187763862456251,USDC-WETH,USDC_WETH,Uniswap_V2,0xb4e16d0168e52d35cacd2c6185b44281ec28c9dc,2024-05-28,High IL State
-0.0158699504189131,-0.0176164163261904,-8.235413822611102,0.000259977650021,0.0088372904707867,0.24972358345985413,0.006469861427585289,0.0024129633291633534,0.07752845267062464,0.10824469637632222,0.06476535881468196,0.06476535881468196,0.1946559738036955,0.24965317293298786,0.7503468270670122,USDC-WETH,USDC_WETH,Uniswap_V2,0xb4e16d0168e52d35cacd2c6185b44281ec28c9dc,2024-05-29,Baseline State
-0.0151073251416788,-0.0158699504189131,-8.226576532140315,0.0002650972488219,-0.0046460804659762,-0.18242567777633667,0.03486797668759396,0.03325047264961181,0.03349538203803235,0.043320991463862195,0.04555875529221032,0.04555875529221032,0.14493482283910034,0.23916163336910942,0.7608383666308906,USDC-WETH,USDC_WETH,Uniswap_V2,0xb4e16d0168e52d35cacd2c6185b44281ec28c9dc,2024-05-30,Baseline State
